[
    {
        "id": "42",
        "origen": "CUM",
        "destino": "PDP",
        "total": 16,
        "fecha": "2021-07-13 16:19:49.174",
        "tipoboleto": "P",
        "cod_tipo_c": null,
        "clase": "T",
        "grupo": null,
        "descripcion_c": "Pasajero Turistica",
        "metros": null,
        "cantidad": null,
        "metros_descontar": null,
        "activo": null,
        "tiene_restriccion": null,
        "cantidad_x_viaje": null,
        "tasa_cambio": 24.54,
        "ref": 392.64,
        "inatur": 3.9264,
        "alcaldia": 0,
        "gobernacion": 0,
        "fundasucre": 0.8
    },
    {
        "id": "39",
        "origen": "PDP",
        "destino": "CUM",
        "total": 16,
        "fecha": "2021-07-13 16:19:59.525",
        "tipoboleto": "P",
        "cod_tipo_c": null,
        "clase": "T",
        "grupo": null,
        "descripcion_c": "Pasajero Turistica",
        "metros": null,
        "cantidad": null,
        "metros_descontar": null,
        "activo": null,
        "tiene_restriccion": null,
        "cantidad_x_viaje": null,
        "tasa_cambio": 24.54,
        "ref": 392.64,
        "inatur": 3.9264,
        "alcaldia": 0,
        "gobernacion": 29.45,
        "fundasucre": 0
    },
    {
        "id": "48",
        "origen": "PDP",
        "destino": "PLC",
        "total": 16,
        "fecha": "2022-10-19 16:40:19.207411",
        "tipoboleto": "A",
        "cod_tipo_c": "A2",
        "clase": null,
        "grupo": "liviana",
        "descripcion_c": "Chatarra (Tonelada)           ",
        "metros": "0",
        "cantidad": "1",
        "metros_descontar": "0",
        "activo": "S",
        "tiene_restriccion": "0",
        "cantidad_x_viaje": "-1",
        "tasa_cambio": 24.54,
        "ref": 392.64,
        "inatur": 3.9264,
        "alcaldia": 0,
        "gobernacion": 0,
        "fundasucre": 0
    },
    {
        "id": "49",
        "origen": "PDP",
        "destino": "PLC",
        "total": 16,
        "fecha": "2022-10-19 16:40:19.207411",
        "tipoboleto": "A",
        "cod_tipo_c": "A3",
        "clase": null,
        "grupo": "liviana",
        "descripcion_c": "Piedra (Tonelada)             ",
        "metros": "0",
        "cantidad": "1",
        "metros_descontar": "0",
        "activo": "S",
        "tiene_restriccion": "0",
        "cantidad_x_viaje": "-1",
        "tasa_cambio": 24.54,
        "ref": 392.64,
        "inatur": 3.9264,
        "alcaldia": 0,
        "gobernacion": 0,
        "fundasucre": 0
    },
    {
        "id": "40",
        "origen": "PLC",
        "destino": "PDP",
        "total": 16,
        "fecha": "2022-10-19 16:40:31.055247",
        "tipoboleto": "A",
        "cod_tipo_c": "A2",
        "clase": null,
        "grupo": "liviana",
        "descripcion_c": "Chatarra (Tonelada)           ",
        "metros": "0",
        "cantidad": "1",
        "metros_descontar": "0",
        "activo": "S",
        "tiene_restriccion": "0",
        "cantidad_x_viaje": "-1",
        "tasa_cambio": 24.54,
        "ref": 392.64,
        "inatur": 3.9264,
        "alcaldia": 0,
        "gobernacion": 0,
        "fundasucre": 0
    },
    {
        "id": "56",
        "origen": "PLC",
        "destino": "PDP",
        "total": 16,
        "fecha": "2022-10-19 16:40:31.055247",
        "tipoboleto": "A",
        "cod_tipo_c": "A3",
        "clase": null,
        "grupo": "liviana",
        "descripcion_c": "Piedra (Tonelada)             ",
        "metros": "0",
        "cantidad": "1",
        "metros_descontar": "0",
        "activo": "S",
        "tiene_restriccion": "0",
        "cantidad_x_viaje": "-1",
        "tasa_cambio": 24.54,
        "ref": 392.64,
        "inatur": 3.9264,
        "alcaldia": 0,
        "gobernacion": 0,
        "fundasucre": 0
    },
    {
        "id": "55",
        "origen": "PLC",
        "destino": "PDP",
        "total": 16,
        "fecha": "2022-10-19 16:40:31.055247",
        "tipoboleto": "A",
        "cod_tipo_c": "A3",
        "clase": null,
        "grupo": "liviana",
        "descripcion_c": "Piedra (Tonelada)             ",
        "metros": "0",
        "cantidad": "1",
        "metros_descontar": "0",
        "activo": "S",
        "tiene_restriccion": "0",
        "cantidad_x_viaje": "-1",
        "tasa_cambio": 24.54,
        "ref": 392.64,
        "inatur": 3.9264,
        "alcaldia": 0,
        "gobernacion": 0,
        "fundasucre": 0
    },
    {
        "id": "35",
        "origen": "CUM",
        "destino": "PDP",
        "total": 20,
        "fecha": "2021-07-13 16:19:49.182",
        "tipoboleto": "P",
        "cod_tipo_c": null,
        "clase": "VIP",
        "grupo": null,
        "descripcion_c": "Pasajero VIP",
        "metros": null,
        "cantidad": null,
        "metros_descontar": null,
        "activo": null,
        "tiene_restriccion": null,
        "cantidad_x_viaje": null,
        "tasa_cambio": 24.54,
        "ref": 490.8,
        "inatur": 4.9079999999999995,
        "alcaldia": 0,
        "gobernacion": 0,
        "fundasucre": 1
    },
    {
        "id": "54",
        "origen": "PDP",
        "destino": "CUM",
        "total": 20,
        "fecha": "2021-07-13 16:19:59.529",
        "tipoboleto": "P",
        "cod_tipo_c": null,
        "clase": "VIP",
        "grupo": null,
        "descripcion_c": "Pasajero VIP",
        "metros": null,
        "cantidad": null,
        "metros_descontar": null,
        "activo": null,
        "tiene_restriccion": null,
        "cantidad_x_viaje": null,
        "tasa_cambio": 24.54,
        "ref": 490.8,
        "inatur": 4.9079999999999995,
        "alcaldia": 0,
        "gobernacion": 29.45,
        "fundasucre": 0
    },
    {
        "id": "107",
        "origen": "PDP",
        "destino": "PLC",
        "total": 20,
        "fecha": "2022-11-23 11:49:10.660779",
        "tipoboleto": "P",
        "cod_tipo_c": null,
        "clase": "T",
        "grupo": null,
        "descripcion_c": "Pasajero Turistica",
        "metros": null,
        "cantidad": null,
        "metros_descontar": null,
        "activo": null,
        "tiene_restriccion": null,
        "cantidad_x_viaje": null,
        "tasa_cambio": 24.54,
        "ref": 490.8,
        "inatur": 4.9079999999999995,
        "alcaldia": 0,
        "gobernacion": 29.45,
        "fundasucre": 0
    },
    {
        "id": "100",
        "origen": "PDP",
        "destino": "PLC",
        "total": 20,
        "fecha": "2021-07-13 16:42:08.59",
        "tipoboleto": "P",
        "cod_tipo_c": null,
        "clase": "VIP",
        "grupo": null,
        "descripcion_c": "Pasajero VIP",
        "metros": null,
        "cantidad": null,
        "metros_descontar": null,
        "activo": null,
        "tiene_restriccion": null,
        "cantidad_x_viaje": null,
        "tasa_cambio": 24.54,
        "ref": 490.8,
        "inatur": 4.9079999999999995,
        "alcaldia": 0,
        "gobernacion": 29.45,
        "fundasucre": 0
    },
    {
        "id": "52",
        "origen": "PLC",
        "destino": "PDP",
        "total": 20,
        "fecha": "2022-10-19 16:40:31.055247",
        "tipoboleto": "A",
        "cod_tipo_c": "A2",
        "clase": null,
        "grupo": "liviana",
        "descripcion_c": "Chatarra (Tonelada)           ",
        "metros": "0",
        "cantidad": "1",
        "metros_descontar": "0",
        "activo": "S",
        "tiene_restriccion": "0",
        "cantidad_x_viaje": "-1",
        "tasa_cambio": 24.54,
        "ref": 490.8,
        "inatur": 4.9079999999999995,
        "alcaldia": 0,
        "gobernacion": 0,
        "fundasucre": 0
    },
    {
        "id": "105",
        "origen": "PLC",
        "destino": "PDP",
        "total": 20,
        "fecha": "2022-10-20 13:23:37.982184",
        "tipoboleto": "P",
        "cod_tipo_c": null,
        "clase": "VIP",
        "grupo": null,
        "descripcion_c": "Pasajero VIP",
        "metros": null,
        "cantidad": null,
        "metros_descontar": null,
        "activo": null,
        "tiene_restriccion": null,
        "cantidad_x_viaje": null,
        "tasa_cambio": 24.54,
        "ref": 490.8,
        "inatur": 4.9079999999999995,
        "alcaldia": 0,
        "gobernacion": 0,
        "fundasucre": 0
    },
    {
        "id": "106",
        "origen": "PLC",
        "destino": "PDP",
        "total": 20,
        "fecha": "2022-11-23 11:47:16.933146",
        "tipoboleto": "P",
        "cod_tipo_c": null,
        "clase": "T",
        "grupo": null,
        "descripcion_c": "Pasajero Turistica",
        "metros": null,
        "cantidad": null,
        "metros_descontar": null,
        "activo": null,
        "tiene_restriccion": null,
        "cantidad_x_viaje": null,
        "tasa_cambio": 24.54,
        "ref": 490.8,
        "inatur": 4.9079999999999995,
        "alcaldia": 0,
        "gobernacion": 0,
        "fundasucre": 0
    },
    {
        "id": "76",
        "origen": "PDP",
        "destino": "PLC",
        "total": 30,
        "fecha": "2022-10-19 16:40:19.207411",
        "tipoboleto": "A",
        "cod_tipo_c": "A5",
        "clase": null,
        "grupo": "liviana",
        "descripcion_c": "Metro Adicional               ",
        "metros": "0",
        "cantidad": "1",
        "metros_descontar": "0",
        "activo": "S",
        "tiene_restriccion": "0",
        "cantidad_x_viaje": "-1",
        "tasa_cambio": 24.54,
        "ref": 736.2,
        "inatur": 7.361999999999999,
        "alcaldia": 0,
        "gobernacion": 0,
        "fundasucre": 0
    },
    {
        "id": "104",
        "origen": "PLC",
        "destino": "PDP",
        "total": 30,
        "fecha": "2022-10-20 11:59:07.661333",
        "tipoboleto": "A",
        "cod_tipo_c": "A5",
        "clase": null,
        "grupo": "liviana",
        "descripcion_c": "Metro Adicional               ",
        "metros": "0",
        "cantidad": "1",
        "metros_descontar": "0",
        "activo": "S",
        "tiene_restriccion": "0",
        "cantidad_x_viaje": "-1",
        "tasa_cambio": 24.54,
        "ref": 736.2,
        "inatur": 7.361999999999999,
        "alcaldia": 0,
        "gobernacion": 0,
        "fundasucre": 0
    },
    {
        "id": "89",
        "origen": "PDP",
        "destino": "PLC",
        "total": 65,
        "fecha": "2021-07-13 16:21:01.941",
        "tipoboleto": "C",
        "cod_tipo_c": "02",
        "clase": null,
        "grupo": "LIVIANA",
        "descripcion_c": "MOTO                          ",
        "metros": "2",
        "cantidad": "0",
        "metros_descontar": "2",
        "activo": "S",
        "tiene_restriccion": "0",
        "cantidad_x_viaje": "-1",
        "tasa_cambio": 24.54,
        "ref": 1595.1,
        "inatur": 15.950999999999999,
        "alcaldia": 0,
        "gobernacion": 73.62,
        "fundasucre": 0
    },
    {
        "id": "64",
        "origen": "PLC",
        "destino": "PDP",
        "total": 65,
        "fecha": "2021-07-13 16:20:40.624",
        "tipoboleto": "C",
        "cod_tipo_c": "02",
        "clase": null,
        "grupo": "LIVIANA",
        "descripcion_c": "MOTO                          ",
        "metros": "2",
        "cantidad": "0",
        "metros_descontar": "2",
        "activo": "S",
        "tiene_restriccion": "0",
        "cantidad_x_viaje": "-1",
        "tasa_cambio": 24.54,
        "ref": 1595.1,
        "inatur": 15.950999999999999,
        "alcaldia": 0,
        "gobernacion": 0,
        "fundasucre": 0
    },
    {
        "id": "90",
        "origen": "PDP",
        "destino": "PLC",
        "total": 95,
        "fecha": "2021-07-13 16:21:01.946",
        "tipoboleto": "C",
        "cod_tipo_c": "03",
        "clase": null,
        "grupo": "LIVIANA",
        "descripcion_c": "VEHICULO DE PASEO             ",
        "metros": "3",
        "cantidad": "0",
        "metros_descontar": "3",
        "activo": "S",
        "tiene_restriccion": "0",
        "cantidad_x_viaje": "-1",
        "tasa_cambio": 24.54,
        "ref": 2331.3,
        "inatur": 23.313,
        "alcaldia": 0,
        "gobernacion": 147.24,
        "fundasucre": 0
    },
    {
        "id": "65",
        "origen": "PLC",
        "destino": "PDP",
        "total": 95,
        "fecha": "2021-07-13 16:20:40.631",
        "tipoboleto": "C",
        "cod_tipo_c": "03",
        "clase": null,
        "grupo": "LIVIANA",
        "descripcion_c": "VEHICULO DE PASEO             ",
        "metros": "3",
        "cantidad": "0",
        "metros_descontar": "3",
        "activo": "S",
        "tiene_restriccion": "0",
        "cantidad_x_viaje": "-1",
        "tasa_cambio": 24.54,
        "ref": 2331.3,
        "inatur": 23.313,
        "alcaldia": 0,
        "gobernacion": 0,
        "fundasucre": 0
    },
    {
        "id": "91",
        "origen": "PDP",
        "destino": "PLC",
        "total": 115,
        "fecha": "2021-07-13 16:21:01.95",
        "tipoboleto": "C",
        "cod_tipo_c": "08",
        "clase": null,
        "grupo": "LIVIANA",
        "descripcion_c": "RUSTICO                       ",
        "metros": "4",
        "cantidad": "0",
        "metros_descontar": "4",
        "activo": "S",
        "tiene_restriccion": "0",
        "cantidad_x_viaje": "-1",
        "tasa_cambio": 24.54,
        "ref": 2822.1,
        "inatur": 28.221,
        "alcaldia": 0,
        "gobernacion": 191.41,
        "fundasucre": 0
    },
    {
        "id": "66",
        "origen": "PLC",
        "destino": "PDP",
        "total": 115,
        "fecha": "2021-07-13 16:20:40.636",
        "tipoboleto": "C",
        "cod_tipo_c": "08",
        "clase": null,
        "grupo": "LIVIANA",
        "descripcion_c": "RUSTICO                       ",
        "metros": "4",
        "cantidad": "0",
        "metros_descontar": "4",
        "activo": "S",
        "tiene_restriccion": "0",
        "cantidad_x_viaje": "-1",
        "tasa_cambio": 24.54,
        "ref": 2822.1,
        "inatur": 28.221,
        "alcaldia": 0,
        "gobernacion": 0,
        "fundasucre": 0
    },
    {
        "id": "88",
        "origen": "PDP",
        "destino": "PLC",
        "total": 130,
        "fecha": "2021-07-13 16:21:01.955",
        "tipoboleto": "C",
        "cod_tipo_c": "33",
        "clase": null,
        "grupo": "LIVIANA",
        "descripcion_c": "PICKUP\/VAN                    ",
        "metros": "5",
        "cantidad": "0",
        "metros_descontar": "5",
        "activo": "S",
        "tiene_restriccion": "0",
        "cantidad_x_viaje": "-1",
        "tasa_cambio": 24.54,
        "ref": 3190.2,
        "inatur": 31.901999999999997,
        "alcaldia": 0,
        "gobernacion": 191.41,
        "fundasucre": 0
    },
    {
        "id": "63",
        "origen": "PLC",
        "destino": "PDP",
        "total": 130,
        "fecha": "2021-07-13 16:20:40.642",
        "tipoboleto": "C",
        "cod_tipo_c": "33",
        "clase": null,
        "grupo": "LIVIANA",
        "descripcion_c": "PICKUP\/VAN                    ",
        "metros": "5",
        "cantidad": "0",
        "metros_descontar": "5",
        "activo": "S",
        "tiene_restriccion": "0",
        "cantidad_x_viaje": "-1",
        "tasa_cambio": 24.54,
        "ref": 3190.2,
        "inatur": 31.901999999999997,
        "alcaldia": 0,
        "gobernacion": 0,
        "fundasucre": 0
    },
    {
        "id": "92",
        "origen": "PDP",
        "destino": "PLC",
        "total": 175,
        "fecha": "2022-07-02 06:17:49.983",
        "tipoboleto": "C",
        "cod_tipo_c": "11",
        "clase": null,
        "grupo": "LIVIANA",
        "descripcion_c": "PICK UP DOBLE CABINA          ",
        "metros": "6",
        "cantidad": "0",
        "metros_descontar": "6",
        "activo": "S",
        "tiene_restriccion": "0",
        "cantidad_x_viaje": "-1",
        "tasa_cambio": 24.54,
        "ref": 4294.5,
        "inatur": 42.945,
        "alcaldia": 0,
        "gobernacion": 0,
        "fundasucre": 0
    },
    {
        "id": "67",
        "origen": "PLC",
        "destino": "PDP",
        "total": 175,
        "fecha": "2022-07-02 06:17:09.995",
        "tipoboleto": "C",
        "cod_tipo_c": "11",
        "clase": null,
        "grupo": "LIVIANA",
        "descripcion_c": "PICK UP DOBLE CABINA          ",
        "metros": "6",
        "cantidad": "0",
        "metros_descontar": "6",
        "activo": "S",
        "tiene_restriccion": "0",
        "cantidad_x_viaje": "-1",
        "tasa_cambio": 24.54,
        "ref": 4294.5,
        "inatur": 42.945,
        "alcaldia": 0,
        "gobernacion": 0,
        "fundasucre": 0
    },
    {
        "id": "93",
        "origen": "PDP",
        "destino": "PLC",
        "total": 230,
        "fecha": "2021-07-13 16:21:01.96",
        "tipoboleto": "C",
        "cod_tipo_c": "13",
        "clase": null,
        "grupo": "PESADA",
        "descripcion_c": "CAMION 6 ml.                  ",
        "metros": "6",
        "cantidad": "0",
        "metros_descontar": "6",
        "activo": "S",
        "tiene_restriccion": "0",
        "cantidad_x_viaje": "-1",
        "tasa_cambio": 24.54,
        "ref": 5644.2,
        "inatur": 56.442,
        "alcaldia": 0,
        "gobernacion": 368.1,
        "fundasucre": 0
    },
    {
        "id": "68",
        "origen": "PLC",
        "destino": "PDP",
        "total": 230,
        "fecha": "2021-07-13 16:20:40.65",
        "tipoboleto": "C",
        "cod_tipo_c": "13",
        "clase": null,
        "grupo": "PESADA",
        "descripcion_c": "CAMION 6 ml.                  ",
        "metros": "6",
        "cantidad": "0",
        "metros_descontar": "6",
        "activo": "S",
        "tiene_restriccion": "0",
        "cantidad_x_viaje": "-1",
        "tasa_cambio": 24.54,
        "ref": 5644.2,
        "inatur": 56.442,
        "alcaldia": 0,
        "gobernacion": 0,
        "fundasucre": 0
    },
    {
        "id": "94",
        "origen": "PDP",
        "destino": "PLC",
        "total": 260,
        "fecha": "2022-01-27 15:44:46.101",
        "tipoboleto": "C",
        "cod_tipo_c": "14",
        "clase": null,
        "grupo": "PESADA",
        "descripcion_c": "CAMION 7 ml.                  ",
        "metros": "7",
        "cantidad": "0",
        "metros_descontar": "7",
        "activo": "S",
        "tiene_restriccion": "0",
        "cantidad_x_viaje": "-1",
        "tasa_cambio": 24.54,
        "ref": 6380.4,
        "inatur": 63.803999999999995,
        "alcaldia": 0,
        "gobernacion": 441.72,
        "fundasucre": 0
    },
    {
        "id": "69",
        "origen": "PLC",
        "destino": "PDP",
        "total": 260,
        "fecha": "2022-01-27 15:44:27.942",
        "tipoboleto": "C",
        "cod_tipo_c": "14",
        "clase": null,
        "grupo": "PESADA",
        "descripcion_c": "CAMION 7 ml.                  ",
        "metros": "7",
        "cantidad": "0",
        "metros_descontar": "7",
        "activo": "S",
        "tiene_restriccion": "0",
        "cantidad_x_viaje": "-1",
        "tasa_cambio": 24.54,
        "ref": 6380.4,
        "inatur": 63.803999999999995,
        "alcaldia": 0,
        "gobernacion": 0,
        "fundasucre": 0
    },
    {
        "id": "95",
        "origen": "PDP",
        "destino": "PLC",
        "total": 290,
        "fecha": "2022-01-27 15:46:42.654",
        "tipoboleto": "C",
        "cod_tipo_c": "15",
        "clase": null,
        "grupo": "PESADA",
        "descripcion_c": "CAMION 8 ml.                  ",
        "metros": "8",
        "cantidad": "0",
        "metros_descontar": "8",
        "activo": "S",
        "tiene_restriccion": "0",
        "cantidad_x_viaje": "-1",
        "tasa_cambio": 24.54,
        "ref": 7116.6,
        "inatur": 71.166,
        "alcaldia": 0,
        "gobernacion": 515.34,
        "fundasucre": 0
    },
    {
        "id": "70",
        "origen": "PLC",
        "destino": "PDP",
        "total": 290,
        "fecha": "2022-01-27 15:46:28.847",
        "tipoboleto": "C",
        "cod_tipo_c": "15",
        "clase": null,
        "grupo": "PESADA",
        "descripcion_c": "CAMION 8 ml.                  ",
        "metros": "8",
        "cantidad": "0",
        "metros_descontar": "8",
        "activo": "S",
        "tiene_restriccion": "0",
        "cantidad_x_viaje": "-1",
        "tasa_cambio": 24.54,
        "ref": 7116.6,
        "inatur": 71.166,
        "alcaldia": 0,
        "gobernacion": 0,
        "fundasucre": 0
    },
    {
        "id": "96",
        "origen": "PDP",
        "destino": "PLC",
        "total": 320,
        "fecha": "2022-01-27 15:47:09.662",
        "tipoboleto": "C",
        "cod_tipo_c": "16",
        "clase": null,
        "grupo": "PESADA",
        "descripcion_c": "CAMION 9 ml.                  ",
        "metros": "9",
        "cantidad": "0",
        "metros_descontar": "9",
        "activo": "S",
        "tiene_restriccion": "0",
        "cantidad_x_viaje": "-1",
        "tasa_cambio": 24.54,
        "ref": 7852.8,
        "inatur": 78.52799999999999,
        "alcaldia": 0,
        "gobernacion": 544.79,
        "fundasucre": 0
    },
    {
        "id": "71",
        "origen": "PLC",
        "destino": "PDP",
        "total": 320,
        "fecha": "2022-01-27 15:46:58.815",
        "tipoboleto": "C",
        "cod_tipo_c": "16",
        "clase": null,
        "grupo": "PESADA",
        "descripcion_c": "CAMION 9 ml.                  ",
        "metros": "9",
        "cantidad": "0",
        "metros_descontar": "9",
        "activo": "S",
        "tiene_restriccion": "0",
        "cantidad_x_viaje": "-1",
        "tasa_cambio": 24.54,
        "ref": 7852.8,
        "inatur": 78.52799999999999,
        "alcaldia": 0,
        "gobernacion": 0,
        "fundasucre": 0
    },
    {
        "id": "97",
        "origen": "PDP",
        "destino": "PLC",
        "total": 350,
        "fecha": "2022-01-27 15:47:45.643",
        "tipoboleto": "C",
        "cod_tipo_c": "17",
        "clase": null,
        "grupo": "PESADA",
        "descripcion_c": "TORONTO 10 ml.                ",
        "metros": "10",
        "cantidad": "0",
        "metros_descontar": "10",
        "activo": "S",
        "tiene_restriccion": "0",
        "cantidad_x_viaje": "-1",
        "tasa_cambio": 24.54,
        "ref": 8589,
        "inatur": 85.89,
        "alcaldia": 0,
        "gobernacion": 559.51,
        "fundasucre": 0
    },
    {
        "id": "72",
        "origen": "PLC",
        "destino": "PDP",
        "total": 350,
        "fecha": "2022-01-27 15:47:33.997",
        "tipoboleto": "C",
        "cod_tipo_c": "17",
        "clase": null,
        "grupo": "PESADA",
        "descripcion_c": "TORONTO 10 ml.                ",
        "metros": "10",
        "cantidad": "0",
        "metros_descontar": "10",
        "activo": "S",
        "tiene_restriccion": "0",
        "cantidad_x_viaje": "-1",
        "tasa_cambio": 24.54,
        "ref": 8589,
        "inatur": 85.89,
        "alcaldia": 0,
        "gobernacion": 0,
        "fundasucre": 0
    },
    {
        "id": "98",
        "origen": "PDP",
        "destino": "PLC",
        "total": 380,
        "fecha": "2022-01-27 15:48:38.266",
        "tipoboleto": "C",
        "cod_tipo_c": "18",
        "clase": null,
        "grupo": "PESADA",
        "descripcion_c": "TORONTO 11 ml.                ",
        "metros": "11",
        "cantidad": "0",
        "metros_descontar": "11",
        "activo": "S",
        "tiene_restriccion": "0",
        "cantidad_x_viaje": "-1",
        "tasa_cambio": 24.54,
        "ref": 9325.2,
        "inatur": 93.252,
        "alcaldia": 0,
        "gobernacion": 633.13,
        "fundasucre": 0
    },
    {
        "id": "73",
        "origen": "PLC",
        "destino": "PDP",
        "total": 380,
        "fecha": "2022-01-27 15:48:28.203",
        "tipoboleto": "C",
        "cod_tipo_c": "18",
        "clase": null,
        "grupo": "PESADA",
        "descripcion_c": "TORONTO 11 ml.                ",
        "metros": "11",
        "cantidad": "0",
        "metros_descontar": "11",
        "activo": "S",
        "tiene_restriccion": "0",
        "cantidad_x_viaje": "-1",
        "tasa_cambio": 24.54,
        "ref": 9325.2,
        "inatur": 93.252,
        "alcaldia": 0,
        "gobernacion": 0,
        "fundasucre": 0
    },
    {
        "id": "79",
        "origen": "PDP",
        "destino": "PLC",
        "total": 410,
        "fecha": "2022-01-27 15:49:33.606",
        "tipoboleto": "C",
        "cod_tipo_c": "19",
        "clase": null,
        "grupo": "PESADA",
        "descripcion_c": "TORONTO 12 ml.                ",
        "metros": "12",
        "cantidad": "0",
        "metros_descontar": "12",
        "activo": "S",
        "tiene_restriccion": "0",
        "cantidad_x_viaje": "-1",
        "tasa_cambio": 24.54,
        "ref": 10061.4,
        "inatur": 100.614,
        "alcaldia": 0,
        "gobernacion": 692.03,
        "fundasucre": 0
    },
    {
        "id": "74",
        "origen": "PLC",
        "destino": "PDP",
        "total": 410,
        "fecha": "2022-01-27 15:49:23.127",
        "tipoboleto": "C",
        "cod_tipo_c": "19",
        "clase": null,
        "grupo": "PESADA",
        "descripcion_c": "TORONTO 12 ml.                ",
        "metros": "12",
        "cantidad": "0",
        "metros_descontar": "12",
        "activo": "S",
        "tiene_restriccion": "0",
        "cantidad_x_viaje": "-1",
        "tasa_cambio": 24.54,
        "ref": 10061.4,
        "inatur": 100.614,
        "alcaldia": 0,
        "gobernacion": 0,
        "fundasucre": 0
    },
    {
        "id": "77",
        "origen": "PDP",
        "destino": "PLC",
        "total": 440,
        "fecha": "2022-01-27 15:50:23.619",
        "tipoboleto": "C",
        "cod_tipo_c": "20",
        "clase": null,
        "grupo": "PESADA",
        "descripcion_c": "TORONTO 13 ml.                ",
        "metros": "13",
        "cantidad": "0",
        "metros_descontar": "13",
        "activo": "S",
        "tiene_restriccion": "0",
        "cantidad_x_viaje": "-1",
        "tasa_cambio": 24.54,
        "ref": 10797.6,
        "inatur": 107.976,
        "alcaldia": 0,
        "gobernacion": 736.2,
        "fundasucre": 0
    },
    {
        "id": "75",
        "origen": "PLC",
        "destino": "PDP",
        "total": 440,
        "fecha": "2022-01-27 15:50:12.053",
        "tipoboleto": "C",
        "cod_tipo_c": "20",
        "clase": null,
        "grupo": "PESADA",
        "descripcion_c": "TORONTO 13 ml.                ",
        "metros": "13",
        "cantidad": "0",
        "metros_descontar": "13",
        "activo": "S",
        "tiene_restriccion": "0",
        "cantidad_x_viaje": "-1",
        "tasa_cambio": 24.54,
        "ref": 10797.6,
        "inatur": 107.976,
        "alcaldia": 0,
        "gobernacion": 0,
        "fundasucre": 0
    },
    {
        "id": "80",
        "origen": "PDP",
        "destino": "PLC",
        "total": 470,
        "fecha": "2022-01-27 15:51:20.4",
        "tipoboleto": "C",
        "cod_tipo_c": "21",
        "clase": null,
        "grupo": "PESADA",
        "descripcion_c": "GANDOLA 14 ml.                ",
        "metros": "14",
        "cantidad": "0",
        "metros_descontar": "14",
        "activo": "S",
        "tiene_restriccion": "0",
        "cantidad_x_viaje": "-1",
        "tasa_cambio": 24.54,
        "ref": 11533.8,
        "inatur": 115.338,
        "alcaldia": 0,
        "gobernacion": 795.1,
        "fundasucre": 0
    },
    {
        "id": "37",
        "origen": "PLC",
        "destino": "PDP",
        "total": 470,
        "fecha": "2022-01-27 15:51:09.633",
        "tipoboleto": "C",
        "cod_tipo_c": "21",
        "clase": null,
        "grupo": "PESADA",
        "descripcion_c": "GANDOLA 14 ml.                ",
        "metros": "14",
        "cantidad": "0",
        "metros_descontar": "14",
        "activo": "S",
        "tiene_restriccion": "0",
        "cantidad_x_viaje": "-1",
        "tasa_cambio": 24.54,
        "ref": 11533.8,
        "inatur": 115.338,
        "alcaldia": 0,
        "gobernacion": 0,
        "fundasucre": 0
    },
    {
        "id": "81",
        "origen": "PDP",
        "destino": "PLC",
        "total": 500,
        "fecha": "2022-01-27 15:51:48.304",
        "tipoboleto": "C",
        "cod_tipo_c": "22",
        "clase": null,
        "grupo": "PESADA",
        "descripcion_c": "GANDOLA 15 ml.                ",
        "metros": "15",
        "cantidad": "0",
        "metros_descontar": "15",
        "activo": "S",
        "tiene_restriccion": "0",
        "cantidad_x_viaje": "-1",
        "tasa_cambio": 24.54,
        "ref": 12270,
        "inatur": 122.7,
        "alcaldia": 0,
        "gobernacion": 844.18,
        "fundasucre": 0
    },
    {
        "id": "38",
        "origen": "PLC",
        "destino": "PDP",
        "total": 500,
        "fecha": "2022-01-27 15:51:36.497",
        "tipoboleto": "C",
        "cod_tipo_c": "22",
        "clase": null,
        "grupo": "PESADA",
        "descripcion_c": "GANDOLA 15 ml.                ",
        "metros": "15",
        "cantidad": "0",
        "metros_descontar": "15",
        "activo": "S",
        "tiene_restriccion": "0",
        "cantidad_x_viaje": "-1",
        "tasa_cambio": 24.54,
        "ref": 12270,
        "inatur": 122.7,
        "alcaldia": 0,
        "gobernacion": 0,
        "fundasucre": 0
    },
    {
        "id": "82",
        "origen": "PDP",
        "destino": "PLC",
        "total": 530,
        "fecha": "2022-01-27 15:52:16.398",
        "tipoboleto": "C",
        "cod_tipo_c": "23",
        "clase": null,
        "grupo": "PESADA",
        "descripcion_c": "GANDOLA 16 ml.                ",
        "metros": "16",
        "cantidad": "0",
        "metros_descontar": "16",
        "activo": "S",
        "tiene_restriccion": "0",
        "cantidad_x_viaje": "-1",
        "tasa_cambio": 24.54,
        "ref": 13006.2,
        "inatur": 130.06199999999998,
        "alcaldia": 0,
        "gobernacion": 898.16,
        "fundasucre": 0
    },
    {
        "id": "57",
        "origen": "PLC",
        "destino": "PDP",
        "total": 530,
        "fecha": "2022-01-27 15:52:05.872",
        "tipoboleto": "C",
        "cod_tipo_c": "23",
        "clase": null,
        "grupo": "PESADA",
        "descripcion_c": "GANDOLA 16 ml.                ",
        "metros": "16",
        "cantidad": "0",
        "metros_descontar": "16",
        "activo": "S",
        "tiene_restriccion": "0",
        "cantidad_x_viaje": "-1",
        "tasa_cambio": 24.54,
        "ref": 13006.2,
        "inatur": 130.06199999999998,
        "alcaldia": 0,
        "gobernacion": 0,
        "fundasucre": 0
    },
    {
        "id": "83",
        "origen": "PDP",
        "destino": "PLC",
        "total": 560,
        "fecha": "2022-01-27 15:53:17.419",
        "tipoboleto": "C",
        "cod_tipo_c": "24",
        "clase": null,
        "grupo": "PESADA",
        "descripcion_c": "GANDOLA 17 ml.                ",
        "metros": "17",
        "cantidad": "0",
        "metros_descontar": "17",
        "activo": "S",
        "tiene_restriccion": "0",
        "cantidad_x_viaje": "-1",
        "tasa_cambio": 24.54,
        "ref": 13742.4,
        "inatur": 137.424,
        "alcaldia": 0,
        "gobernacion": 981.6,
        "fundasucre": 0
    },
    {
        "id": "58",
        "origen": "PLC",
        "destino": "PDP",
        "total": 560,
        "fecha": "2022-01-27 15:53:07.272",
        "tipoboleto": "C",
        "cod_tipo_c": "24",
        "clase": null,
        "grupo": "PESADA",
        "descripcion_c": "GANDOLA 17 ml.                ",
        "metros": "17",
        "cantidad": "0",
        "metros_descontar": "17",
        "activo": "S",
        "tiene_restriccion": "0",
        "cantidad_x_viaje": "-1",
        "tasa_cambio": 24.54,
        "ref": 13742.4,
        "inatur": 137.424,
        "alcaldia": 0,
        "gobernacion": 0,
        "fundasucre": 0
    },
    {
        "id": "84",
        "origen": "PDP",
        "destino": "PLC",
        "total": 590,
        "fecha": "2022-01-27 15:53:52.634",
        "tipoboleto": "C",
        "cod_tipo_c": "25",
        "clase": null,
        "grupo": "PESADA",
        "descripcion_c": "GANDOLA 18 ml.                ",
        "metros": "18",
        "cantidad": "0",
        "metros_descontar": "18",
        "activo": "S",
        "tiene_restriccion": "0",
        "cantidad_x_viaje": "-1",
        "tasa_cambio": 24.54,
        "ref": 14478.6,
        "inatur": 144.786,
        "alcaldia": 0,
        "gobernacion": 1,
        "fundasucre": 0
    },
    {
        "id": "59",
        "origen": "PLC",
        "destino": "PDP",
        "total": 590,
        "fecha": "2022-01-27 15:53:42.409",
        "tipoboleto": "C",
        "cod_tipo_c": "25",
        "clase": null,
        "grupo": "PESADA",
        "descripcion_c": "GANDOLA 18 ml.                ",
        "metros": "18",
        "cantidad": "0",
        "metros_descontar": "18",
        "activo": "S",
        "tiene_restriccion": "0",
        "cantidad_x_viaje": "-1",
        "tasa_cambio": 24.54,
        "ref": 14478.6,
        "inatur": 144.786,
        "alcaldia": 0,
        "gobernacion": 0,
        "fundasucre": 0
    },
    {
        "id": "85",
        "origen": "PDP",
        "destino": "PLC",
        "total": 620,
        "fecha": "2022-01-27 15:54:18.744",
        "tipoboleto": "C",
        "cod_tipo_c": "26",
        "clase": null,
        "grupo": "PESADA",
        "descripcion_c": "GANDOLA 19 ml.                ",
        "metros": "19",
        "cantidad": "0",
        "metros_descontar": "19",
        "activo": "S",
        "tiene_restriccion": "0",
        "cantidad_x_viaje": "-1",
        "tasa_cambio": 24.54,
        "ref": 15214.8,
        "inatur": 152.148,
        "alcaldia": 0,
        "gobernacion": 1,
        "fundasucre": 0
    },
    {
        "id": "60",
        "origen": "PLC",
        "destino": "PDP",
        "total": 620,
        "fecha": "2022-01-27 15:54:08.233",
        "tipoboleto": "C",
        "cod_tipo_c": "26",
        "clase": null,
        "grupo": "PESADA",
        "descripcion_c": "GANDOLA 19 ml.                ",
        "metros": "19",
        "cantidad": "0",
        "metros_descontar": "19",
        "activo": "S",
        "tiene_restriccion": "0",
        "cantidad_x_viaje": "-1",
        "tasa_cambio": 24.54,
        "ref": 15214.8,
        "inatur": 152.148,
        "alcaldia": 0,
        "gobernacion": 0,
        "fundasucre": 0
    },
    {
        "id": "86",
        "origen": "PDP",
        "destino": "PLC",
        "total": 650,
        "fecha": "2022-01-27 15:54:48.055",
        "tipoboleto": "C",
        "cod_tipo_c": "27",
        "clase": null,
        "grupo": "PESADA",
        "descripcion_c": "GANDOLA 20 ml.                ",
        "metros": "20",
        "cantidad": "0",
        "metros_descontar": "20",
        "activo": "S",
        "tiene_restriccion": "0",
        "cantidad_x_viaje": "-1",
        "tasa_cambio": 24.54,
        "ref": 15951,
        "inatur": 159.51,
        "alcaldia": 0,
        "gobernacion": 1,
        "fundasucre": 0
    },
    {
        "id": "61",
        "origen": "PLC",
        "destino": "PDP",
        "total": 650,
        "fecha": "2022-01-27 15:54:38.151",
        "tipoboleto": "C",
        "cod_tipo_c": "27",
        "clase": null,
        "grupo": "PESADA",
        "descripcion_c": "GANDOLA 20 ml.                ",
        "metros": "20",
        "cantidad": "0",
        "metros_descontar": "20",
        "activo": "S",
        "tiene_restriccion": "0",
        "cantidad_x_viaje": "-1",
        "tasa_cambio": 24.54,
        "ref": 15951,
        "inatur": 159.51,
        "alcaldia": 0,
        "gobernacion": 0,
        "fundasucre": 0
    },
    {
        "id": "87",
        "origen": "PDP",
        "destino": "PLC",
        "total": 680,
        "fecha": "2022-01-27 15:55:20.789",
        "tipoboleto": "C",
        "cod_tipo_c": "28",
        "clase": null,
        "grupo": "PESADA",
        "descripcion_c": "GANDOLA 21 ml.                ",
        "metros": "21",
        "cantidad": "0",
        "metros_descontar": "21",
        "activo": "S",
        "tiene_restriccion": "0",
        "cantidad_x_viaje": "-1",
        "tasa_cambio": 24.54,
        "ref": 16687.2,
        "inatur": 166.872,
        "alcaldia": 0,
        "gobernacion": 1,
        "fundasucre": 0
    },
    {
        "id": "62",
        "origen": "PLC",
        "destino": "PDP",
        "total": 680,
        "fecha": "2022-01-27 15:55:01.953",
        "tipoboleto": "C",
        "cod_tipo_c": "28",
        "clase": null,
        "grupo": "PESADA",
        "descripcion_c": "GANDOLA 21 ml.                ",
        "metros": "21",
        "cantidad": "0",
        "metros_descontar": "21",
        "activo": "S",
        "tiene_restriccion": "0",
        "cantidad_x_viaje": "-1",
        "tasa_cambio": 24.54,
        "ref": 16687.2,
        "inatur": 166.872,
        "alcaldia": 0,
        "gobernacion": 0,
        "fundasucre": 0
    }
]